,City Name,Cloudiness,Country Code,Date,Humidity,Lat,Lng,Max Temp,Wind Speed
0,xining,44.0,cn,2018-06-18 14:23:12,89.0,36.62,101.77,50.28,2.35
1,progreso,0.0,mx,2018-06-18 14:00:00,66.0,-34.68,-56.22,51.8,10.29
2,severo-kurilsk,32.0,ru,2018-06-18 14:23:15,100.0,50.68,156.12,34.17,5.7
3,vila,0.0,vu,2018-06-18 13:50:00,39.0,45.18,8.4,84.2,6.93
4,provideniya,0.0,ru,2018-06-18 14:23:17,100.0,64.42,-173.23,38.13,5.93
5,mataura,92.0,pf,2018-06-18 14:23:20,89.0,-46.19,168.86,35.07,2.91
6,busselton,76.0,au,2018-06-18 14:23:21,100.0,-33.64,115.35,58.65,15.21
7,mikhaylovka,0.0,kz,2018-06-18 14:23:23,69.0,52.96,103.29,59.01,5.7
8,portales,1.0,us,2018-06-18 13:56:00,82.0,34.19,-103.33,68.0,10.29
9,cayenne,48.0,gf,2018-06-18 14:00:00,70.0,4.94,-52.33,86.0,4.7
10,carnarvon,12.0,au,2018-06-18 14:23:29,65.0,-30.97,22.13,54.42,14.54
11,adiake,75.0,ci,2018-06-18 14:00:00,74.0,5.29,-3.3,84.2,11.41
12,ziro,80.0,in,2018-06-18 14:23:33,98.0,27.54,93.82,64.41,1.45
13,turki,20.0,ru,2018-06-18 14:23:37,28.0,51.98,43.27,81.33,10.07
14,katsuura,92.0,jp,2018-06-18 14:23:39,88.0,33.93,134.5,69.27,2.13
15,albany,75.0,au,2018-06-18 13:54:00,57.0,42.65,-73.75,80.6,10.29
16,atuona,44.0,pf,2018-06-18 14:23:47,100.0,-9.8,-139.03,77.73,11.07
17,torbay,40.0,ca,2018-06-18 13:00:00,70.0,47.66,-52.73,46.4,9.17
18,kaitangata,92.0,nz,2018-06-18 14:23:52,90.0,-46.28,169.85,39.03,6.93
19,dikson,80.0,ru,2018-06-18 14:23:53,97.0,73.51,80.55,32.55,8.72
20,jamestown,12.0,sh,2018-06-18 14:20:19,72.0,-33.21,138.6,25.98,3.02
21,tasiilaq,40.0,gl,2018-06-18 13:50:00,97.0,65.61,-37.64,37.4,9.17
22,vaini,92.0,to,2018-06-18 14:23:57,99.0,15.34,74.49,68.91,6.6
23,yabelo,100.0,et,2018-06-18 14:23:58,67.0,4.89,38.09,71.43,4.14
24,geraldton,75.0,ca,2018-06-18 13:00:00,67.0,49.72,-86.95,62.6,8.05
25,leh,76.0,in,2018-06-18 14:24:01,100.0,34.16,77.58,31.65,1.68
26,rikitea,68.0,pf,2018-06-18 14:24:02,98.0,-23.12,-134.97,77.28,29.75
27,kalikino,12.0,ru,2018-06-18 14:24:03,49.0,52.95,39.83,78.9,4.92
28,dudinka,44.0,ru,2018-06-18 14:24:04,97.0,69.41,86.18,63.15,1.57
29,girona,20.0,es,2018-06-18 14:00:00,48.0,41.98,2.82,82.4,9.17
30,coihaique,90.0,cl,2018-06-18 14:00:00,80.0,-45.58,-72.07,41.0,8.05
31,hermanus,76.0,za,2018-06-18 14:24:08,100.0,-34.42,19.24,52.71,6.6
32,horta,20.0,pt,2018-06-18 14:00:00,42.0,41.43,2.16,84.2,14.99
33,kormilovka,75.0,ru,2018-06-18 13:30:00,39.0,55.0,74.1,64.4,8.95
34,hirado,92.0,jp,2018-06-18 14:24:22,96.0,33.32,129.49,72.42,9.73
35,bambanglipuro,0.0,id,2018-06-18 14:24:24,97.0,-7.95,110.28,71.88,2.91
36,puno,0.0,pe,2018-06-18 14:00:00,61.0,-15.84,-70.03,46.4,1.12
37,bluff,0.0,nz,2018-06-18 14:24:26,75.0,-23.58,149.07,40.65,6.71
38,mahebourg,75.0,mu,2018-06-18 14:00:00,83.0,-20.41,57.7,75.2,9.17
39,qaanaaq,76.0,gl,2018-06-18 14:24:29,98.0,77.48,-69.36,32.46,3.13
40,sovetskiy,0.0,ru,2018-06-18 14:24:30,28.0,56.76,48.47,77.37,12.19
41,ahipara,100.0,nz,2018-06-18 14:24:31,82.0,-35.17,173.16,60.18,17.0
42,kodiak,1.0,us,2018-06-18 13:53:00,66.0,39.95,-94.76,84.2,13.87
43,avarua,20.0,ck,2018-06-18 14:00:00,68.0,-21.21,-159.78,69.8,6.93
44,upernavik,92.0,gl,2018-06-18 14:24:36,89.0,72.79,-56.15,34.35,16.55
45,castro,92.0,cl,2018-06-18 14:24:38,100.0,-42.48,-73.76,48.66,3.47
46,bubaque,20.0,gw,2018-06-18 14:00:00,65.0,11.28,-15.83,82.4,5.82
47,longyearbyen,20.0,sj,2018-06-18 13:50:00,65.0,78.22,15.63,41.0,6.93
48,burgeo,100.0,ca,2018-06-18 14:24:44,100.0,47.61,-57.61,43.08,17.78
49,khatima,0.0,in,2018-06-18 14:24:45,65.0,28.92,79.97,86.1,8.5
50,ilulissat,40.0,gl,2018-06-18 13:50:00,86.0,69.22,-51.1,37.4,4.7
51,matamba,0.0,tz,2018-06-18 14:24:48,30.0,-5.95,22.27,87.63,5.14
52,kiruna,90.0,se,2018-06-18 13:50:00,87.0,67.86,20.23,53.6,4.7
53,khatanga,8.0,ru,2018-06-18 14:24:52,63.0,71.98,102.47,52.44,13.09
54,muros,0.0,es,2018-06-18 14:00:00,65.0,42.77,-9.06,77.0,14.99
55,rawson,64.0,ar,2018-06-18 14:24:54,57.0,-43.3,-65.11,54.42,2.91
56,hami,92.0,cn,2018-06-18 14:24:55,22.0,42.84,93.51,87.63,11.3
57,victoria,75.0,sc,2018-06-18 13:00:00,83.0,5.28,115.24,86.0,3.36
58,omboue,36.0,ga,2018-06-18 14:25:03,100.0,-1.57,9.26,76.29,8.72
59,ngunguru,64.0,nz,2018-06-18 14:25:04,95.0,-35.62,174.5,60.81,18.68
60,mwene-ditu,8.0,cd,2018-06-18 14:25:05,34.0,-7.01,23.45,85.56,4.36
61,kaka,24.0,tm,2018-06-18 14:25:07,28.0,37.35,59.62,80.88,3.13
62,bereda,20.0,so,2018-06-18 14:00:00,82.0,43.27,-7.54,68.0,13.87
63,bam,0.0,ir,2018-06-18 14:21:41,12.0,29.11,58.36,89.7,3.69
64,betanzos,20.0,es,2018-06-18 14:00:00,82.0,43.28,-8.21,77.0,13.87
65,hilo,20.0,us,2018-06-18 13:53:00,77.0,19.71,-155.08,69.8,5.82
66,bosconia,48.0,co,2018-06-18 14:25:13,68.0,9.97,-73.89,84.93,3.24
67,challapata,36.0,bo,2018-06-18 14:25:17,58.0,-18.9,-66.78,43.98,3.69
68,georgetown,75.0,sh,2018-06-18 13:00:00,88.0,6.8,-58.16,77.0,9.17
69,copacabana,75.0,bo,2018-06-18 14:00:00,64.0,6.35,-75.51,73.4,3.36
70,barrow,0.0,us,2018-06-18 14:23:12,49.0,-38.31,-60.23,56.76,15.21
71,nemuro,92.0,jp,2018-06-18 14:25:22,96.0,43.32,145.57,52.98,17.0
72,aliaga,75.0,tr,2018-06-18 13:00:00,83.0,15.5,120.85,80.6,4.7
73,bredasdorp,80.0,za,2018-06-18 14:00:00,42.0,-34.53,20.04,66.2,13.87
74,kangaatsiaq,8.0,gl,2018-06-18 14:25:27,91.0,68.31,-53.46,37.59,2.13
75,kieta,20.0,pg,2018-06-18 14:25:29,100.0,-6.22,155.63,77.1,4.59
76,constitucion,75.0,mx,2018-06-18 13:46:00,93.0,23.99,-104.67,62.6,5.82
77,kapaa,20.0,us,2018-06-18 13:56:00,94.0,22.08,-159.32,71.6,3.36
78,chokurdakh,20.0,ru,2018-06-18 14:25:35,86.0,70.62,147.9,31.2,11.52
79,nikolskoye,40.0,ru,2018-06-18 13:30:00,36.0,59.7,30.79,80.6,8.95
80,conde,80.0,br,2018-06-18 14:21:51,79.0,-11.81,-37.61,79.35,15.21
81,bethel,90.0,us,2018-06-18 13:53:00,93.0,60.79,-161.76,48.2,6.93
82,yellowknife,75.0,ca,2018-06-18 13:00:00,67.0,62.45,-114.38,60.8,6.93
83,channagiri,76.0,in,2018-06-18 14:25:41,71.0,14.03,75.92,74.31,11.52
84,owando,68.0,cg,2018-06-18 14:25:43,73.0,-0.49,15.91,82.32,3.69
85,luderitz,0.0,na,2018-06-18 14:25:44,79.0,-26.65,15.16,62.97,11.52
86,pangnirtung,20.0,ca,2018-06-18 13:00:00,86.0,66.15,-65.72,37.4,9.17
87,nanortalik,44.0,gl,2018-06-18 14:25:46,100.0,60.14,-45.24,35.43,7.61
88,ballina,90.0,au,2018-06-18 14:00:00,93.0,54.11,-9.15,53.6,14.99
89,kennewick,90.0,us,2018-06-18 13:53:00,68.0,46.21,-119.12,66.2,9.17
90,leirvik,75.0,fo,2018-06-18 13:50:00,87.0,59.78,5.5,57.2,2.24
91,pisco,90.0,pe,2018-06-18 14:00:00,93.0,-13.71,-76.2,48.2,2.24
92,faanui,8.0,pf,2018-06-18 14:25:54,100.0,-16.48,-151.75,75.93,2.24
93,esperance,20.0,au,2018-06-18 13:00:00,74.0,10.24,-61.45,84.2,8.05
94,narsaq,20.0,gl,2018-06-18 13:50:00,96.0,60.91,-46.05,50.0,9.17
95,eura,0.0,fi,2018-06-18 13:50:00,55.0,61.13,22.13,62.6,16.11
96,mbandaka,80.0,cd,2018-06-18 14:26:00,90.0,0.05,18.26,78.0,2.8
97,iqaluit,20.0,ca,2018-06-18 13:00:00,97.0,63.75,-68.52,41.0,3.36
98,ushuaia,75.0,ar,2018-06-18 14:00:00,49.0,-54.81,-68.31,46.4,23.04
99,lebu,76.0,cl,2018-06-18 14:26:07,38.0,8.96,38.73,70.08,6.38
100,lompoc,1.0,us,2018-06-18 13:56:00,87.0,34.64,-120.46,55.4,7.38
101,airai,12.0,pw,2018-06-18 14:26:10,87.0,-8.93,125.41,62.7,1.9
102,takoradi,92.0,gh,2018-06-18 14:26:12,100.0,4.89,-1.75,73.41,9.51
103,oda,0.0,gh,2018-06-18 14:26:13,89.0,35.19,132.5,67.29,2.35
104,biak,56.0,id,2018-06-18 14:26:14,100.0,-0.91,122.88,76.92,4.03
105,butaritari,64.0,ki,2018-06-18 14:26:15,100.0,3.07,172.79,82.5,8.72
106,mirnyy,32.0,ru,2018-06-18 14:26:17,39.0,56.57,36.46,80.7,5.82
107,padang,92.0,id,2018-06-18 14:26:18,100.0,-0.92,100.36,82.05,9.28
108,mbinga,92.0,tz,2018-06-18 14:26:20,73.0,-10.95,35.0,72.78,5.7
109,saskylakh,88.0,ru,2018-06-18 14:26:22,68.0,71.97,114.09,49.56,7.38
110,cidreira,0.0,br,2018-06-18 14:26:23,96.0,-30.17,-50.22,57.75,3.24
111,hobart,75.0,au,2018-06-18 14:00:00,93.0,-42.88,147.33,44.6,8.05
112,lamar,90.0,us,2018-06-18 13:53:00,68.0,38.09,-102.62,68.0,9.73
113,saint-philippe,1.0,re,2018-06-18 13:35:00,65.0,45.36,-73.48,78.8,8.05
114,waipawa,32.0,nz,2018-06-18 14:26:28,93.0,-39.94,176.59,46.05,7.05
115,chuy,0.0,uy,2018-06-18 14:26:30,96.0,-33.69,-53.46,54.6,7.38
116,innisfail,5.0,au,2018-06-18 13:00:00,87.0,52.02,-113.95,50.0,6.71
117,limulunga,0.0,zm,2018-06-18 14:26:33,25.0,-15.13,23.15,80.16,8.39
118,mozarlandia,0.0,br,2018-06-18 14:26:34,45.0,-14.74,-50.57,84.75,12.41
119,torrington,90.0,us,2018-06-18 13:53:00,100.0,42.06,-104.18,53.6,4.92
120,tallahassee,1.0,us,2018-06-18 14:15:00,70.0,30.44,-84.28,84.2,2.01
121,tuktoyaktuk,75.0,ca,2018-06-18 13:00:00,80.0,69.44,-133.03,41.0,6.93
122,ostrovnoy,0.0,ru,2018-06-18 14:26:40,54.0,68.05,39.51,64.68,21.7
123,posadas,0.0,ar,2018-06-18 14:00:00,62.0,-27.37,-55.89,55.4,2.8
124,amos,90.0,ca,2018-06-18 13:48:00,93.0,48.57,-78.12,66.2,9.17
125,manggar,76.0,id,2018-06-18 14:26:48,79.0,-2.88,108.27,83.13,9.28
126,daru,64.0,pg,2018-06-18 14:26:49,87.0,7.99,-10.85,79.35,11.41
127,billings,90.0,us,2018-06-18 13:53:00,100.0,45.79,-108.5,53.6,11.41
128,mao,40.0,td,2018-06-18 13:00:00,78.0,19.55,-71.08,86.0,8.05
129,noyabrsk,64.0,ru,2018-06-18 14:24:19,100.0,63.2,75.45,56.58,6.49
130,tilichiki,0.0,ru,2018-06-18 14:26:56,83.0,60.47,166.1,39.93,4.92
131,vardo,40.0,no,2018-06-18 13:55:00,74.0,39.62,-77.74,84.2,6.93
132,hobyo,8.0,so,2018-06-18 14:26:59,71.0,5.35,48.53,80.16,20.69
133,enid,40.0,us,2018-06-18 13:50:00,69.0,36.4,-97.88,82.4,16.11
134,zhezkazgan,40.0,kz,2018-06-18 13:30:00,42.0,47.8,67.71,66.2,20.13
135,sabang,64.0,id,2018-06-18 14:27:04,96.0,13.72,123.58,80.79,4.14
136,souillac,90.0,mu,2018-06-18 14:00:00,64.0,45.6,-0.6,71.6,5.82
137,leningradskiy,56.0,ru,2018-06-18 14:27:07,95.0,69.38,178.42,29.31,4.59
138,ust-kuyga,0.0,ru,2018-06-18 14:27:12,81.0,70.0,135.55,54.06,3.69
139,amurzet,92.0,ru,2018-06-18 14:27:14,98.0,47.69,131.09,65.22,14.99
140,amahai,92.0,id,2018-06-18 14:27:15,100.0,-3.31,129.0,77.37,2.24
141,vitre,0.0,fr,2018-06-18 14:00:00,60.0,48.12,-1.21,71.6,3.36
142,fukue,75.0,jp,2018-06-18 13:30:00,88.0,35.03,136.69,71.6,2.24
143,beitbridge,0.0,zw,2018-06-18 14:27:20,49.0,-22.21,29.99,73.59,3.8
144,ruteng,8.0,id,2018-06-18 14:27:22,95.0,-8.61,120.46,70.44,2.68
145,kilindoni,0.0,tz,2018-06-18 14:27:24,92.0,-7.91,39.67,79.98,13.98
146,portmore,20.0,jm,2018-06-18 14:00:00,74.0,17.97,-76.87,84.2,5.82
147,havoysund,0.0,no,2018-06-18 13:50:00,45.0,71.0,24.66,66.2,14.99
148,thompson,20.0,ca,2018-06-18 13:00:00,72.0,55.74,-97.86,60.8,4.7
149,larap,24.0,ph,2018-06-18 14:27:29,100.0,14.3,122.65,83.13,5.48
150,tessalit,8.0,ml,2018-06-18 14:27:30,12.0,20.2,1.01,110.85,6.38
151,portland,40.0,au,2018-06-18 13:53:00,87.0,45.52,-122.67,60.8,3.36
152,garowe,0.0,so,2018-06-18 14:27:33,31.0,8.41,48.48,91.5,12.41
153,stephenville,40.0,ca,2018-06-18 14:15:00,69.0,32.22,-98.2,82.4,8.05
154,iskateley,0.0,ru,2018-06-18 14:27:37,59.0,67.68,53.15,51.72,13.42
155,uige,0.0,ao,2018-06-18 14:27:38,42.0,-7.61,15.06,81.96,2.68
156,samarai,76.0,pg,2018-06-18 14:27:39,100.0,-10.62,150.67,77.73,13.76
157,chalmette,90.0,us,2018-06-18 14:09:00,94.0,29.94,-89.96,84.2,5.82
158,lasem,0.0,id,2018-06-18 14:27:43,83.0,-6.99,112.52,82.05,10.4
159,jadu,0.0,ly,2018-06-18 14:27:44,39.0,31.95,12.03,83.22,10.63
160,saldanha,0.0,za,2018-06-18 14:27:46,29.0,41.42,-6.55,88.08,7.05
161,kysyl-syr,0.0,ru,2018-06-18 14:27:47,71.0,63.9,122.77,52.89,3.58
162,cerveteri,40.0,it,2018-06-18 14:02:00,54.0,42.0,12.1,86.0,6.93
163,sambava,88.0,mg,2018-06-18 14:27:49,100.0,-14.27,50.17,75.21,21.14
164,homer,90.0,us,2018-06-18 13:53:00,71.0,59.64,-151.54,55.4,11.41
165,tabuk,64.0,sa,2018-06-18 14:27:55,97.0,17.41,121.44,70.53,1.9
166,naze,75.0,jp,2018-06-18 14:00:00,74.0,5.43,7.07,82.4,2.24
167,vostok,24.0,ru,2018-06-18 14:27:58,69.0,46.45,135.83,64.5,5.93
168,nishihara,75.0,jp,2018-06-18 13:30:00,100.0,35.74,139.53,68.0,12.75
169,dongsheng,12.0,cn,2018-06-18 14:28:05,63.0,29.72,112.52,83.13,6.93
170,hamilton,20.0,bm,2018-06-18 13:55:00,65.0,32.3,-64.78,77.0,12.75
171,kavaratti,92.0,in,2018-06-18 14:28:07,97.0,10.57,72.64,84.3,20.02
172,lyngseidet,90.0,no,2018-06-18 13:50:00,67.0,69.58,20.21,64.4,3.36
173,beloha,0.0,mg,2018-06-18 14:28:11,55.0,-25.17,45.06,73.14,3.69
174,huarmey,0.0,pe,2018-06-18 14:28:12,50.0,-10.07,-78.15,72.33,4.03
175,inuvik,75.0,ca,2018-06-18 13:00:00,76.0,68.36,-133.71,55.4,4.7
176,batangafo,36.0,cf,2018-06-18 14:28:17,92.0,7.3,18.29,78.63,5.82
177,khandbari,0.0,np,2018-06-18 14:28:18,65.0,27.38,87.21,44.43,1.68
178,pombas,0.0,cv,2018-06-18 14:28:24,55.0,-15.9,-54.74,83.31,7.72
179,ongandjera,0.0,na,2018-06-18 14:28:25,14.0,-17.88,15.07,82.14,6.82
180,uvira,0.0,cd,2018-06-18 14:28:26,63.0,-3.41,29.14,73.86,4.59
181,urucara,92.0,br,2018-06-18 14:28:27,100.0,-2.54,-57.76,75.39,2.91
182,jalu,0.0,ly,2018-06-18 14:28:29,27.0,29.03,21.55,93.3,14.2
183,seoul,0.0,kr,2018-06-18 13:30:00,72.0,37.57,126.98,75.2,4.7
184,lagoa,0.0,pt,2018-06-18 14:00:00,51.0,37.14,-8.45,80.6,13.87
185,codrington,0.0,ag,2018-06-18 14:28:33,66.0,-28.95,153.24,47.4,6.04
186,touros,56.0,br,2018-06-18 14:28:34,87.0,-5.2,-35.46,79.62,11.18
187,brae,20.0,gb,2018-06-18 13:50:00,76.0,60.4,-1.35,53.6,26.4
188,katsina,36.0,ng,2018-06-18 14:28:36,47.0,12.99,7.6,95.55,7.94
189,yenagoa,92.0,ng,2018-06-18 14:28:39,96.0,4.92,6.26,74.76,11.18
190,srednekolymsk,0.0,ru,2018-06-18 14:28:40,70.0,67.46,153.71,45.78,4.03
191,paciran,0.0,id,2018-06-18 14:28:41,72.0,-6.9,112.33,79.53,7.94
192,jacareacanga,0.0,br,2018-06-18 13:00:00,74.0,-6.22,-57.76,82.4,3.36
193,floriano,68.0,br,2018-06-18 14:28:44,44.0,-6.77,-43.02,85.74,13.98
194,kirovskiy,24.0,ru,2018-06-18 14:28:45,70.0,45.09,133.51,67.2,7.16
195,caravelas,0.0,br,2018-06-18 14:28:46,100.0,-17.73,-39.27,75.66,6.26
196,adrar,0.0,dz,2018-06-18 14:00:00,13.0,27.87,-0.29,109.4,23.04
197,abha,5.0,sa,2018-06-18 14:00:00,11.0,18.22,42.5,87.8,16.11
198,ahuimanu,1.0,us,2018-06-18 13:57:00,73.0,21.44,-157.84,77.0,5.82
199,carutapera,0.0,br,2018-06-18 14:28:52,75.0,-1.2,-46.02,85.56,12.08
200,linxia,0.0,cn,2018-06-18 14:28:54,90.0,35.6,103.21,45.96,3.02
201,sijunjung,76.0,id,2018-06-18 14:28:56,81.0,-0.69,100.95,74.13,1.79
202,zhangjiakou,12.0,cn,2018-06-18 14:28:57,96.0,40.77,114.88,59.91,2.35
203,siddipet,92.0,in,2018-06-18 14:28:59,84.0,18.1,78.85,75.48,18.68
204,muyezerskiy,64.0,ru,2018-06-18 14:29:01,74.0,63.93,31.65,65.58,8.16
205,andra,12.0,ru,2018-06-18 14:29:02,58.0,62.52,65.89,62.61,9.4
206,kapuskasing,75.0,ca,2018-06-18 13:00:00,93.0,49.42,-82.43,66.2,8.05
207,khunti,40.0,in,2018-06-18 13:30:00,65.0,23.08,85.28,82.4,3.36
208,mankato,90.0,us,2018-06-18 14:15:00,94.0,44.16,-94.0,73.4,10.29
209,nahariyya,20.0,il,2018-06-18 13:50:00,61.0,33.01,35.09,84.2,9.17
210,marienburg,75.0,sr,2018-06-18 13:50:00,56.0,52.12,9.98,73.4,11.41
211,hithadhoo,64.0,mv,2018-06-18 14:29:13,100.0,-0.6,73.08,83.31,11.18
212,imbituba,40.0,br,2018-06-18 14:00:00,82.0,-28.24,-48.67,62.6,0.56
213,ambon,90.0,id,2018-06-18 14:00:00,64.0,47.55,-2.56,69.8,2.24
214,kariya,75.0,jp,2018-06-18 13:30:00,88.0,34.97,137.0,69.8,2.24
215,shakiso,100.0,et,2018-06-18 14:29:21,100.0,5.77,38.9,60.54,2.91
216,inhambane,20.0,mz,2018-06-18 14:00:00,69.0,-23.87,35.38,77.0,11.41
217,buala,92.0,sb,2018-06-18 14:29:23,99.0,-8.15,159.59,79.8,7.94
218,hit,0.0,iq,2018-06-18 14:29:25,13.0,33.64,42.83,101.04,12.08
219,sulangan,12.0,ph,2018-06-18 14:29:26,97.0,11.14,123.72,87.36,5.7
220,karaton,20.0,kz,2018-06-18 14:00:00,74.0,-6.34,106.1,82.4,8.05
221,gorodovikovsk,56.0,ru,2018-06-18 14:29:28,31.0,46.08,41.93,83.31,6.71
222,tornio,0.0,fi,2018-06-18 13:50:00,33.0,61.12,27.27,75.2,17.22
223,pingshan,88.0,cn,2018-06-18 14:29:31,99.0,28.83,104.35,73.05,1.57
224,harper,90.0,lr,2018-06-18 14:15:00,83.0,30.3,-99.24,80.6,6.93
225,samana,75.0,do,2018-06-18 14:00:00,94.0,0.12,-76.97,73.4,2.24
226,karpogory,0.0,ru,2018-06-18 14:29:36,34.0,64.0,44.44,75.21,3.58
227,lavrentiya,0.0,ru,2018-06-18 14:29:39,98.0,65.58,-170.99,36.96,6.26
228,tarko-sale,24.0,ru,2018-06-18 14:29:40,64.0,64.92,77.78,66.93,8.39
229,rondonopolis,0.0,br,2018-06-18 14:27:50,55.0,-16.46,-54.64,83.31,7.72
230,klaksvik,92.0,fo,2018-06-18 13:50:00,93.0,62.23,-6.59,46.4,25.28
231,tiksi,0.0,ru,2018-06-18 14:29:45,73.0,71.64,128.87,45.33,3.13
232,ust-maya,48.0,ru,2018-06-18 14:29:46,43.0,60.42,134.54,58.56,6.82
233,viedma,8.0,ar,2018-06-18 14:29:47,53.0,-40.81,-62.99,56.94,9.62
234,huilong,44.0,cn,2018-06-18 14:29:49,98.0,28.89,110.18,73.95,0.56
235,ancud,92.0,cl,2018-06-18 14:29:50,99.0,-41.87,-73.83,49.56,3.36
236,charagua,0.0,bo,2018-06-18 14:00:00,76.0,-19.79,-63.2,50.0,4.14
237,paamiut,64.0,gl,2018-06-18 14:29:53,100.0,61.99,-49.67,37.14,8.39
238,matara,0.0,lk,2018-06-18 14:00:00,42.0,-13.74,-72.9,44.6,2.35
239,singaraja,0.0,id,2018-06-18 14:29:55,100.0,-8.11,115.08,70.62,2.24
240,salinas,1.0,ec,2018-06-18 13:55:00,82.0,36.67,-121.66,59.0,4.7
241,buraydah,0.0,sa,2018-06-18 14:00:00,14.0,26.33,43.97,109.4,6.93
242,sucua,68.0,ec,2018-06-18 14:29:59,76.0,-2.46,-78.17,67.83,3.91
243,coquimbo,90.0,cl,2018-06-18 14:00:00,100.0,-29.95,-71.34,50.0,6.93
244,lucapa,0.0,ao,2018-06-18 14:30:02,30.0,-8.42,20.74,85.2,4.36
245,hofn,75.0,is,2018-06-18 14:00:00,54.0,64.25,-15.21,53.6,16.11
246,nantucket,1.0,us,2018-06-18 13:56:00,82.0,41.28,-70.1,75.2,12.75
247,mangan,12.0,in,2018-06-18 14:30:07,95.0,27.5,88.54,44.43,1.34
248,ulaanbaatar,0.0,mn,2018-06-18 14:00:00,44.0,47.92,106.92,60.8,4.47
249,margate,75.0,za,2018-06-18 14:00:00,93.0,-43.03,147.26,44.6,8.05
250,karratha,48.0,au,2018-06-18 14:30:11,83.0,-20.74,116.85,59.55,2.57
251,atar,8.0,mr,2018-06-18 14:30:12,18.0,20.52,-13.05,105.36,4.36
252,mayo,75.0,ca,2018-06-18 13:00:00,81.0,63.59,-135.9,53.6,3.36
253,dieppe,75.0,fr,2018-06-18 14:00:00,72.0,49.92,1.08,66.2,13.09
254,ushtobe,32.0,kz,2018-06-18 14:30:18,31.0,45.25,77.98,79.98,4.47
255,namibe,0.0,ao,2018-06-18 14:30:19,100.0,-15.19,12.15,69.45,11.74
256,naron,20.0,es,2018-06-18 14:00:00,82.0,43.52,-8.15,68.0,13.87
257,camacha,75.0,pt,2018-06-18 14:00:00,88.0,33.08,-16.33,69.8,13.87
258,broome,20.0,au,2018-06-18 13:50:00,47.0,52.47,1.45,75.2,16.11
259,mecca,0.0,sa,2018-06-18 14:00:00,18.0,21.43,39.83,109.4,11.41
260,biltine,44.0,td,2018-06-18 14:30:30,26.0,14.53,20.93,101.76,3.58
261,manadhoo,64.0,mv,2018-06-18 14:30:31,99.0,5.77,73.38,83.13,13.65
262,lorengau,80.0,pg,2018-06-18 14:30:34,100.0,-2.02,147.27,82.77,6.6
263,gaya,40.0,ne,2018-06-18 13:00:00,33.0,24.8,85.01,100.4,11.41
264,susner,56.0,in,2018-06-18 14:30:41,62.0,23.94,76.1,82.32,9.51
265,butembo,44.0,cd,2018-06-18 14:30:42,74.0,0.12,29.29,72.33,2.46
266,sorland,75.0,no,2018-06-18 13:50:00,87.0,67.67,12.69,51.8,10.29
267,kitale,76.0,ke,2018-06-18 14:30:45,94.0,1.02,35.0,61.71,1.9
268,fairbanks,75.0,us,2018-06-18 13:53:00,71.0,64.84,-147.72,51.8,6.93
269,goderich,68.0,sl,2018-06-18 14:30:49,64.0,43.74,-81.71,80.97,19.01
270,tomohon,20.0,id,2018-06-18 14:00:00,88.0,1.33,124.84,77.0,3.36
271,saint-louis,0.0,sn,2018-06-18 14:00:00,38.0,47.59,7.56,75.2,5.82
272,grindavik,75.0,is,2018-06-18 14:00:00,76.0,63.84,-22.43,51.8,18.34
273,bochil,75.0,mx,2018-06-18 13:47:00,88.0,17.0,-92.89,73.4,3.36
274,severobaykalsk,0.0,ru,2018-06-18 14:30:55,78.0,55.65,109.32,50.1,3.36
275,birao,64.0,cf,2018-06-18 14:30:57,76.0,10.3,22.78,81.6,6.38
276,fare,8.0,pf,2018-06-18 14:30:58,100.0,-16.7,-151.02,76.83,5.93
277,mananjary,0.0,mg,2018-06-18 14:31:00,75.0,-19.16,46.8,58.92,2.13
278,guerande,90.0,fr,2018-06-18 14:00:00,82.0,48.47,-4.17,68.0,12.75
279,durres,40.0,al,2018-06-18 13:50:00,78.0,41.32,19.44,75.2,2.24
280,tapejara,0.0,br,2018-06-18 14:31:04,91.0,-23.73,-52.87,70.26,5.37
281,shingu,44.0,jp,2018-06-18 14:31:05,98.0,33.72,135.99,71.25,15.99
282,rassvet,20.0,ru,2018-06-18 14:00:00,30.0,47.2,28.43,86.0,13.87
283,uyuni,44.0,bo,2018-06-18 14:31:09,52.0,-20.46,-66.82,42.81,3.91
284,kavieng,32.0,pg,2018-06-18 14:31:10,100.0,-2.57,150.8,82.86,3.8
285,nyurba,88.0,ru,2018-06-18 14:31:13,50.0,63.29,118.35,63.24,2.91
286,pteleos,20.0,gr,2018-06-18 13:50:00,42.0,39.05,22.95,84.2,12.75
287,dingle,0.0,ie,2018-06-18 14:31:15,90.0,11.0,122.67,76.92,3.36
288,oistins,75.0,bb,2018-06-18 14:00:00,94.0,13.07,-59.53,75.2,21.92
289,svetlogorsk,75.0,ru,2018-06-18 14:00:00,48.0,53.14,59.15,66.2,17.9
290,ouesso,48.0,cg,2018-06-18 14:31:22,83.0,1.61,16.05,77.55,4.14
291,dunedin,88.0,nz,2018-06-18 14:31:23,100.0,-45.87,170.5,39.48,7.16
292,guarare,44.0,pa,2018-06-18 14:31:24,85.0,7.82,-80.28,83.4,4.47
293,skjervoy,0.0,no,2018-06-18 13:50:00,48.0,70.03,20.97,64.4,8.05
294,karasjok,0.0,no,2018-06-18 13:50:00,48.0,69.47,25.52,66.2,6.93
295,soyo,24.0,ao,2018-06-18 14:31:28,70.0,-6.13,12.37,79.53,7.49
296,basco,1.0,ph,2018-06-18 13:55:00,70.0,40.33,-91.2,86.0,13.87
297,bathsheba,75.0,bb,2018-06-18 14:00:00,94.0,13.22,-59.52,75.2,21.92
298,dondo,40.0,mz,2018-06-18 14:00:00,73.0,-19.62,34.74,77.0,4.03
299,luwuk,56.0,id,2018-06-18 14:31:33,100.0,-0.95,122.79,76.92,4.03
300,vao,76.0,nc,2018-06-18 14:31:34,48.0,59.1,26.19,70.53,10.63
301,kuching,75.0,my,2018-06-18 13:30:00,83.0,1.56,110.34,84.2,2.24
302,rzhyshchiv,0.0,ua,2018-06-18 14:00:00,34.0,49.97,31.05,82.4,8.95
303,bindura,0.0,zw,2018-06-18 14:31:38,33.0,-17.3,31.33,70.17,4.14
304,saint-georges,92.0,gf,2018-06-18 14:31:40,91.0,46.12,-70.67,71.25,9.4
305,timizart,8.0,dz,2018-06-18 14:31:41,40.0,36.8,4.25,80.16,2.68
306,christchurch,92.0,nz,2018-06-18 13:30:00,100.0,-43.53,172.64,44.6,11.41
307,dargaville,92.0,nz,2018-06-18 14:31:44,70.0,-35.94,173.86,59.55,16.78
308,athens,1.0,us,2018-06-18 14:15:00,74.0,34.8,-86.97,80.6,4.59
309,meadow lake,75.0,ca,2018-06-18 14:15:00,74.0,36.02,-86.8,82.4,3.36
310,terme,75.0,tr,2018-06-18 13:50:00,78.0,41.21,36.97,71.6,6.93
311,sitka,12.0,us,2018-06-18 14:31:49,75.0,37.17,-99.65,81.15,15.99
312,novobirilyussy,64.0,ru,2018-06-18 14:31:50,47.0,56.95,90.69,69.81,9.84
313,uva,0.0,ru,2018-06-18 14:31:52,45.0,56.98,52.19,73.05,7.49
314,heyang,100.0,cn,2018-06-18 14:31:53,79.0,26.1,107.47,76.02,8.05
315,pytalovo,8.0,ru,2018-06-18 14:31:54,53.0,57.06,27.92,80.07,8.84
316,wala,48.0,pa,2018-06-18 14:31:56,66.0,11.17,13.76,91.41,10.29
317,cairns,0.0,au,2018-06-18 14:00:00,59.0,-16.92,145.77,66.2,10.29
318,venezuela,64.0,cu,2018-06-18 14:31:58,84.0,21.74,-78.8,84.93,8.72
319,hermon,80.0,us,2018-06-18 13:50:00,93.0,51.96,-4.61,60.8,21.92
320,atbasar,56.0,kz,2018-06-18 14:32:03,52.0,51.81,68.36,62.88,10.18
321,kjopsvik,75.0,no,2018-06-18 13:50:00,76.0,68.1,16.37,55.4,5.82
322,katangli,80.0,ru,2018-06-18 14:32:07,96.0,51.71,143.23,44.61,6.38
323,litovko,92.0,ru,2018-06-18 14:32:08,99.0,49.24,135.18,60.18,4.92
324,wamba,92.0,cd,2018-06-18 14:32:09,100.0,2.14,27.99,68.01,2.91
325,valparaiso,1.0,cl,2018-06-18 13:56:00,62.0,41.47,-87.06,87.8,13.87
326,kuchera,12.0,in,2018-06-18 14:32:12,69.0,26.99,73.97,83.58,3.91
327,yerky,0.0,ua,2018-06-18 14:32:15,38.0,49.93,33.53,81.51,9.4
328,boa vista,40.0,br,2018-06-18 13:00:00,65.0,-8.8,13.26,80.6,11.41
329,bilibino,0.0,ru,2018-06-18 14:32:18,73.0,68.06,166.44,52.35,1.9
330,hambantota,48.0,lk,2018-06-18 14:32:23,95.0,6.12,81.12,81.69,15.66
331,bowen,0.0,au,2018-06-18 13:00:00,93.0,-20.01,148.25,46.4,8.05
332,saint-augustin,75.0,ca,2018-06-18 14:00:00,69.0,44.83,-0.61,73.4,6.93
333,rafsanjan,36.0,ir,2018-06-18 14:32:28,11.0,30.4,55.99,88.8,3.91
334,bayog,76.0,ph,2018-06-18 14:32:29,97.0,7.85,123.04,76.2,2.68
335,wuzhou,12.0,cn,2018-06-18 14:32:30,95.0,23.48,111.3,77.01,2.46
336,gat,0.0,ly,2018-06-18 14:32:32,45.0,14.69,-16.54,88.98,10.96
337,zheleznodorozhnyy,0.0,ru,2018-06-18 14:00:00,26.0,55.75,38.0,80.6,4.47
338,beringovskiy,44.0,ru,2018-06-18 14:32:35,100.0,63.05,179.32,36.96,3.58
339,okha,68.0,ru,2018-06-18 14:32:37,92.0,53.59,142.95,46.05,9.95
340,baykit,8.0,ru,2018-06-18 14:32:38,81.0,61.68,96.39,64.5,2.57
341,kyshtovka,92.0,ru,2018-06-18 14:32:42,67.0,56.56,76.62,62.16,4.59
342,borba,0.0,br,2018-06-18 14:00:00,18.0,38.81,-7.46,98.6,10.29
343,wattegama,100.0,lk,2018-06-18 14:32:44,97.0,7.35,80.68,72.51,5.37
344,pochutla,90.0,mx,2018-06-18 13:45:00,78.0,15.74,-96.47,77.0,7.94
345,valdivia,90.0,cl,2018-06-18 14:00:00,100.0,-39.81,-73.25,48.2,4.59
346,mezen,0.0,ru,2018-06-18 14:32:52,40.0,65.85,44.24,70.08,6.6
347,la paz,12.0,mx,2018-06-18 14:32:53,100.0,11.35,122.06,82.41,7.27
348,turukhansk,92.0,ru,2018-06-18 14:32:54,62.0,65.8,87.96,68.01,6.6
349,shubarshi,0.0,kz,2018-06-18 14:32:55,32.0,48.59,57.19,74.4,8.61
350,uvalde,90.0,us,2018-06-18 14:20:00,69.0,29.21,-99.79,82.4,4.7
351,tateyama,36.0,jp,2018-06-18 14:32:58,91.0,36.66,137.31,56.67,1.34
352,skibbereen,75.0,ie,2018-06-18 14:00:00,82.0,51.55,-9.27,66.2,18.34
353,yar-sale,92.0,ru,2018-06-18 14:33:00,86.0,66.83,70.83,47.31,8.16
354,rocha,0.0,uy,2018-06-18 14:33:02,77.0,-34.48,-54.34,54.78,5.82
355,kirakira,80.0,sb,2018-06-18 14:33:03,100.0,-10.46,161.92,77.46,9.62
356,joshimath,8.0,in,2018-06-18 14:33:04,100.0,30.57,79.57,33.36,0.67
357,gobabis,0.0,na,2018-06-18 14:33:07,19.0,-22.45,18.97,74.76,5.37
358,evensk,88.0,ru,2018-06-18 14:33:08,100.0,61.92,159.24,41.73,6.93
359,pevek,20.0,ru,2018-06-18 14:33:09,79.0,69.7,170.27,33.81,9.4
360,nhulunbuy,90.0,au,2018-06-18 14:00:00,78.0,-12.18,136.78,75.2,11.41
361,avera,40.0,pf,2018-06-18 13:55:00,74.0,33.19,-82.53,82.4,4.7
362,sivaki,12.0,ru,2018-06-18 14:33:13,79.0,52.63,126.75,54.78,5.37
363,lata,0.0,sb,2018-06-18 14:33:14,100.0,30.78,78.62,57.3,0.0
364,otaru,24.0,jp,2018-06-18 14:33:16,95.0,43.18,140.99,55.05,5.59
365,ozernovskiy,36.0,ru,2018-06-18 14:33:17,100.0,51.5,156.52,36.51,4.03
366,talnakh,48.0,ru,2018-06-18 14:33:18,45.0,69.49,88.39,68.37,9.62
367,george,40.0,za,2018-06-18 14:00:00,78.0,6.63,3.35,82.4,5.82
368,kupang,0.0,id,2018-06-18 14:33:21,86.0,-10.16,123.6,78.99,18.23
369,lahaina,1.0,us,2018-06-18 13:56:00,82.0,20.87,-156.68,73.4,10.29
370,hasaki,20.0,jp,2018-06-18 14:00:00,93.0,35.73,140.83,66.2,8.05
371,myitkyina,20.0,mm,2018-06-18 14:33:27,96.0,25.38,97.4,79.35,1.68
372,deputatskiy,0.0,ru,2018-06-18 14:33:28,55.0,69.3,139.9,54.96,4.36
373,salto,0.0,uy,2018-06-18 13:00:00,87.0,-31.39,-57.96,46.4,6.93
374,madras,40.0,in,2018-06-18 14:15:00,82.0,44.63,-121.13,57.2,8.72
375,adet,68.0,et,2018-06-18 14:33:32,67.0,11.26,37.49,69.09,3.91
376,oksfjord,0.0,no,2018-06-18 13:50:00,48.0,70.24,22.35,69.8,8.05
377,necochea,0.0,ar,2018-06-18 14:33:34,73.0,-38.55,-58.74,55.41,12.97
378,alofi,0.0,nu,2018-06-18 13:00:00,83.0,-19.06,-169.92,71.6,8.05
379,scarborough,0.0,gb,2018-06-18 13:50:00,49.0,54.28,-0.41,69.8,13.87
380,raipur,44.0,in,2018-06-18 14:32:13,83.0,21.24,81.63,79.26,9.95
381,dongli,75.0,cn,2018-06-18 14:00:00,100.0,24.18,117.61,78.8,4.47
382,arman,90.0,ru,2018-06-18 14:00:00,93.0,59.7,150.17,41.0,4.47
383,fortuna,0.0,us,2018-06-18 14:00:00,33.0,38.18,-1.13,87.8,10.29
384,semme,75.0,sn,2018-06-18 14:00:00,72.0,46.2,1.5,66.2,5.82
385,pangai,8.0,to,2018-06-18 14:33:58,100.0,-19.8,-174.35,75.66,14.88
386,havelock,75.0,us,2018-06-18 13:58:00,94.0,34.88,-76.9,84.2,11.41
387,kursenai,0.0,lt,2018-06-18 13:50:00,38.0,55.98,22.92,73.4,12.75
388,zhovkva,40.0,ua,2018-06-18 14:00:00,73.0,50.06,23.97,71.6,6.71
389,hornepayne,0.0,ca,2018-06-18 14:34:07,73.0,49.22,-84.78,67.2,6.82
390,mataura,92.0,pf,2018-06-18 14:34:09,89.0,-46.19,168.86,35.07,2.91
391,kulhudhuffushi,100.0,mv,2018-06-18 14:34:12,97.0,6.62,73.07,84.03,14.99
392,bandarbeyla,0.0,so,2018-06-18 14:34:13,85.0,9.49,50.81,77.73,30.76
393,palmer,75.0,us,2018-06-18 14:00:00,66.0,-34.85,139.16,51.8,9.17
394,kruisfontein,64.0,za,2018-06-18 14:34:16,100.0,-34.0,24.73,58.29,13.2
395,mehamn,0.0,no,2018-06-18 13:50:00,87.0,71.03,27.85,48.2,16.11
396,tezu,56.0,in,2018-06-18 14:34:22,96.0,27.93,96.16,68.1,1.23
397,dikson,80.0,ru,2018-06-18 14:34:24,97.0,73.51,80.55,32.55,8.72
398,sorong,80.0,id,2018-06-18 14:34:27,100.0,-0.86,131.25,81.33,4.47
399,kahului,1.0,us,2018-06-18 13:56:00,83.0,20.89,-156.47,71.6,5.14
400,craigieburn,75.0,au,2018-06-18 14:00:00,93.0,-37.6,144.94,41.0,5.82
401,nuuk,40.0,gl,2018-06-18 13:50:00,65.0,64.17,-51.74,44.6,6.93
402,oriximina,48.0,br,2018-06-18 14:34:42,86.0,-1.77,-55.87,80.43,1.23
403,atuona,44.0,pf,2018-06-18 14:34:43,100.0,-9.8,-139.03,77.73,11.07
404,hovd,75.0,mn,2018-06-18 13:50:00,82.0,63.83,10.7,60.8,2.24
405,vestmannaeyjar,20.0,is,2018-06-18 13:00:00,71.0,63.44,-20.27,51.8,23.04
406,atasu,92.0,kz,2018-06-18 14:34:47,54.0,48.68,71.64,65.58,17.22
407,kaitangata,92.0,nz,2018-06-18 14:34:49,90.0,-46.28,169.85,39.03,6.93
408,aykhal,24.0,ru,2018-06-18 14:34:52,68.0,65.95,111.51,61.89,3.8
409,hermanus,76.0,za,2018-06-18 14:34:53,100.0,-34.42,19.24,52.71,6.6
410,labuhan,0.0,id,2018-06-18 14:34:54,91.0,-2.54,115.51,73.5,2.35
411,khatanga,8.0,ru,2018-06-18 14:34:58,63.0,71.98,102.47,52.44,13.09
412,naryan-mar,0.0,ru,2018-06-18 14:35:01,50.0,67.67,53.09,51.81,12.75
413,simpang,75.0,id,2018-06-18 14:00:00,94.0,4.82,100.71,80.6,3.58
414,yerbogachen,0.0,ru,2018-06-18 14:35:04,78.0,61.28,108.01,62.34,3.02
415,victoria,75.0,sc,2018-06-18 14:00:00,89.0,5.28,115.24,86.0,2.24
416,jamestown,12.0,sh,2018-06-18 14:32:04,72.0,-33.21,138.6,25.98,3.02
417,flinders,75.0,au,2018-06-18 14:00:00,71.0,-34.58,150.85,50.0,16.11
418,vaini,92.0,to,2018-06-18 14:35:24,99.0,15.34,74.49,68.91,6.6
419,altay,92.0,cn,2018-06-18 14:35:26,99.0,47.83,88.13,50.64,2.35
420,niigata,20.0,jp,2018-06-18 14:35:28,83.0,37.91,139.04,62.61,3.36
421,romny,0.0,ru,2018-06-18 14:35:34,49.0,50.74,33.49,79.71,7.83
422,bluff,0.0,nz,2018-06-18 14:35:36,75.0,-23.58,149.07,40.65,6.71
423,busselton,76.0,au,2018-06-18 14:34:24,100.0,-33.64,115.35,58.65,15.21
424,tucano,36.0,br,2018-06-18 14:35:47,72.0,-10.96,-38.79,78.72,13.87
425,poum,75.0,nc,2018-06-18 14:00:00,50.0,41.28,20.71,77.0,3.36
426,price,40.0,us,2018-06-18 13:53:00,41.0,39.6,-110.81,60.8,3.36
427,namatanai,8.0,pg,2018-06-18 14:35:57,100.0,-3.66,152.44,81.96,5.7
428,jumla,48.0,np,2018-06-18 14:36:04,92.0,29.28,82.18,37.68,2.57
429,pella,1.0,us,2018-06-18 14:15:00,66.0,41.41,-92.92,84.2,8.05
430,castro,92.0,cl,2018-06-18 14:36:13,100.0,-42.48,-73.76,48.66,3.47
431,chapais,90.0,ca,2018-06-18 14:32:00,93.0,49.78,-74.86,64.4,8.05
432,maltahohe,0.0,na,2018-06-18 14:36:28,13.0,-24.83,16.98,73.41,13.53
433,nikolskoye,40.0,ru,2018-06-18 14:00:00,39.0,59.7,30.79,80.6,6.71
434,sarkand,68.0,kz,2018-06-18 14:36:35,41.0,45.41,79.91,73.86,6.71
435,tuatapere,76.0,nz,2018-06-18 14:36:37,100.0,-46.13,167.69,42.72,6.82
436,gorontalo,36.0,id,2018-06-18 14:36:40,86.0,0.54,123.06,77.19,3.13
437,zhigansk,20.0,ru,2018-06-18 14:36:43,60.0,66.77,123.37,55.95,4.36
438,cabedelo,75.0,br,2018-06-18 13:00:00,83.0,-6.97,-34.84,77.0,8.05
439,sinnamary,68.0,gf,2018-06-18 14:36:48,91.0,5.38,-52.96,82.59,9.17
440,lyuban,88.0,ru,2018-06-18 14:36:52,66.0,52.8,28.0,77.01,5.93
441,rafaela,0.0,ar,2018-06-18 14:36:54,65.0,-31.25,-61.49,56.76,9.95
442,kaabong,48.0,ug,2018-06-18 14:36:56,84.0,3.51,34.14,70.53,0.56
443,khasan,92.0,ru,2018-06-18 14:36:57,97.0,42.43,130.64,58.83,4.14
444,caucasia,56.0,co,2018-06-18 14:36:59,92.0,7.98,-75.2,81.06,3.02
445,gejiu,56.0,cn,2018-06-18 14:37:00,95.0,23.36,103.16,67.38,2.13
446,kaiu,0.0,ee,2018-06-18 13:50:00,45.0,59.01,25.06,66.2,17.22
447,merritt,1.0,ca,2018-06-18 14:00:00,81.0,50.11,-120.79,53.6,2.68
448,college,75.0,us,2018-06-18 13:53:00,71.0,64.86,-147.8,51.8,6.93
449,burnie,0.0,au,2018-06-18 14:37:05,100.0,-41.05,145.91,52.08,8.61
450,waraseoni,36.0,in,2018-06-18 14:37:07,93.0,21.76,80.05,78.45,4.47
451,dumas,8.0,us,2018-06-18 14:36:04,98.0,21.09,72.71,85.56,18.45
452,muroto,92.0,jp,2018-06-18 14:37:12,100.0,33.37,134.14,69.36,4.59
453,arkhangelsk,20.0,ru,2018-06-18 14:00:00,29.0,64.54,40.54,78.8,6.71
454,erenhot,0.0,cn,2018-06-18 14:37:15,38.0,43.65,111.97,62.52,10.51
455,qandala,64.0,so,2018-06-18 14:37:18,55.0,11.47,49.87,88.98,2.68
456,kutum,100.0,sd,2018-06-18 14:37:20,21.0,14.2,24.66,92.94,6.6
457,carnarvon,12.0,au,2018-06-18 14:37:27,65.0,-30.97,22.13,54.42,14.54
458,muisne,48.0,ec,2018-06-18 14:37:29,81.0,0.61,-80.02,79.08,5.37
459,gerash,20.0,ir,2018-06-18 14:00:00,21.0,27.67,54.14,104.0,13.87
460,turan,80.0,ru,2018-06-18 14:37:35,61.0,52.15,93.92,60.99,1.9
461,cherskiy,0.0,ru,2018-06-18 14:37:38,70.0,68.75,161.3,39.21,6.93
462,pondicherry,40.0,in,2018-06-18 14:00:00,77.0,-34.04,18.35,60.8,19.46
463,katsuura,92.0,jp,2018-06-18 14:37:42,88.0,33.93,134.5,69.27,2.13
464,nador,75.0,ma,2018-06-18 14:00:00,73.0,35.17,-2.93,77.0,9.17
465,lunenburg,1.0,ca,2018-06-18 13:56:00,61.0,42.59,-71.72,82.4,5.82
466,ferrol,20.0,es,2018-06-18 14:00:00,82.0,43.48,-8.23,77.0,13.87
467,coahuayana,100.0,mx,2018-06-18 14:37:56,98.0,18.62,-100.35,64.95,2.13
468,purranque,0.0,cl,2018-06-18 14:00:00,87.0,-40.91,-73.16,53.6,8.05
469,airai,12.0,pw,2018-06-18 14:37:58,87.0,-8.93,125.41,62.7,1.9
470,pilar,0.0,ph,2018-06-18 14:35:00,87.0,-34.46,-58.91,53.6,11.18
471,upig,75.0,ph,2018-06-18 14:00:00,83.0,15.02,120.99,84.2,2.24
472,chachapoyas,0.0,pe,2018-06-18 14:38:07,77.0,-6.23,-77.87,62.61,2.68
473,provideniya,0.0,ru,2018-06-18 14:38:09,100.0,64.42,-173.23,38.13,5.93
474,impfondo,76.0,cg,2018-06-18 14:38:11,98.0,1.62,18.06,74.04,3.69
475,ketchikan,1.0,us,2018-06-18 14:04:00,67.0,55.34,-131.65,62.6,10.29
476,kaeo,80.0,nz,2018-06-18 14:38:15,73.0,-35.1,173.78,56.31,11.41
477,huangpi,0.0,cn,2018-06-18 14:00:00,79.0,30.88,114.37,84.2,11.18
478,porto novo,0.0,cv,2018-06-18 13:55:00,58.0,44.53,11.75,86.0,4.92
479,chokurdakh,20.0,ru,2018-06-18 14:38:20,86.0,70.62,147.9,31.2,11.52
480,phangnga,75.0,th,2018-06-18 14:00:00,78.0,8.45,98.53,80.6,21.92
481,zaranj,0.0,af,2018-06-18 14:00:00,9.0,30.95,61.86,105.8,20.8
482,smithers,40.0,ca,2018-06-18 14:00:00,76.0,54.78,-127.17,55.4,2.46
483,buchanan,75.0,lr,2018-06-18 14:00:00,94.0,5.88,-10.05,77.0,11.41
484,qaanaaq,76.0,gl,2018-06-18 14:38:31,98.0,77.48,-69.36,32.46,3.13
485,wajima,92.0,jp,2018-06-18 14:38:33,98.0,37.4,136.9,65.58,2.57
486,hirara,80.0,jp,2018-06-18 14:35:30,96.0,24.8,125.28,83.22,21.25
487,haapiti,24.0,pf,2018-06-18 14:30:00,88.0,-17.57,-149.87,69.8,3.36
488,nishihara,75.0,jp,2018-06-18 14:00:00,100.0,35.74,139.53,68.0,13.87
489,miguelopolis,0.0,br,2018-06-18 14:38:41,61.0,-20.18,-48.03,78.0,7.72
490,constitucion,75.0,cl,2018-06-18 13:46:00,93.0,23.99,-104.67,62.6,5.82
491,kralendijk,92.0,an,2018-06-18 13:55:00,79.0,12.15,-68.27,84.2,13.87
492,nouadhibou,20.0,mr,2018-06-18 14:00:00,64.0,20.93,-17.03,73.4,20.8
493,warmbad,20.0,na,2018-06-18 14:00:00,52.0,50.67,13.08,73.4,6.93
494,egvekinot,100.0,ru,2018-06-18 14:38:52,96.0,66.32,-179.17,37.86,2.68
495,masindi,48.0,ug,2018-06-18 14:38:54,95.0,1.69,31.72,70.53,5.48
496,amapa,75.0,br,2018-06-18 14:00:00,100.0,15.09,-87.97,77.0,5.82
497,port-gentil,40.0,ga,2018-06-18 14:00:00,74.0,-0.72,8.78,82.4,13.87
498,yumen,92.0,cn,2018-06-18 14:39:04,27.0,40.29,97.04,77.73,11.63
499,lasa,40.0,cn,2018-06-18 14:00:00,69.0,34.92,32.53,80.6,16.11
500,whitehorse,75.0,ca,2018-06-18 14:00:00,66.0,60.72,-135.06,55.4,9.17
501,boyolangu,0.0,id,2018-06-18 14:39:11,82.0,-8.09,111.9,70.71,3.02
502,kangaatsiaq,8.0,gl,2018-06-18 14:39:13,91.0,68.31,-53.46,37.59,2.13
503,yulara,0.0,au,2018-06-18 14:00:00,45.0,-25.24,130.99,42.8,8.05
504,chornukhy,0.0,ua,2018-06-18 14:39:15,56.0,50.27,32.94,79.08,8.16
505,biggar,40.0,ca,2018-06-18 13:50:00,55.0,55.62,-3.52,62.6,24.16
506,severo-kurilsk,32.0,ru,2018-06-18 14:39:18,100.0,50.68,156.12,34.17,5.7
507,novikovo,64.0,ru,2018-06-18 14:39:19,69.0,45.05,34.56,73.77,9.51
508,canakkale,40.0,tr,2018-06-18 13:57:00,69.0,40.15,26.41,75.2,13.87
509,weligama,80.0,lk,2018-06-18 14:39:21,90.0,5.97,80.42,80.7,11.74
510,zhuhai,20.0,cn,2018-06-18 14:00:00,22.0,40.71,112.04,75.2,6.71
511,faya,5.0,td,2018-06-18 14:00:00,11.0,18.39,42.45,87.8,16.11
512,boende,68.0,cd,2018-06-18 14:39:25,93.0,-0.28,20.88,74.31,2.35
513,lima,0.0,pe,2018-06-18 14:39:28,77.0,-12.06,-77.04,65.85,1.57
514,karur,36.0,in,2018-06-18 14:35:19,54.0,10.96,78.08,83.94,18.45
515,vredendal,24.0,za,2018-06-18 14:39:31,94.0,-31.68,18.49,57.3,4.81
516,hami,92.0,cn,2018-06-18 14:39:33,22.0,42.84,93.51,87.63,11.3
517,kattivakkam,40.0,in,2018-06-18 14:00:00,59.0,13.22,80.32,91.4,12.75
518,yafran,0.0,ly,2018-06-18 14:39:36,35.0,32.06,12.53,82.5,12.08
519,okhotsk,80.0,ru,2018-06-18 14:39:39,100.0,59.36,143.24,38.49,3.02
520,shaoguan,64.0,cn,2018-06-18 14:39:41,89.0,24.81,113.59,76.56,2.68
521,ngunguru,64.0,nz,2018-06-18 14:39:46,95.0,-35.62,174.5,60.81,18.68
522,waingapu,0.0,id,2018-06-18 14:39:47,79.0,-9.65,120.26,75.66,11.97
523,leningradskiy,56.0,ru,2018-06-18 14:39:48,95.0,69.38,178.42,29.31,4.59
524,palanga,48.0,lt,2018-06-18 14:39:49,89.0,44.45,25.08,73.59,4.81
525,itaituba,90.0,br,2018-06-18 13:00:00,100.0,-4.26,-55.99,73.4,2.91
526,yagodnoye,80.0,ru,2018-06-18 14:39:53,82.0,62.52,149.63,50.91,1.9
527,charlottetown,90.0,ca,2018-06-18 14:00:00,82.0,46.23,-63.13,55.4,19.46
528,teguldet,20.0,ru,2018-06-18 14:39:57,45.0,57.31,88.17,73.32,8.84
529,vaitape,56.0,pf,2018-06-18 14:39:59,100.0,-16.52,-151.75,77.19,4.7
530,khani,75.0,ru,2018-06-18 14:00:00,78.0,41.96,42.96,71.6,6.93
531,zhigalovo,0.0,ru,2018-06-18 14:40:03,87.0,54.81,105.15,55.5,2.01
532,boston,75.0,gb,2018-06-18 13:56:00,54.0,42.36,-71.06,82.4,14.99
533,panzhihua,44.0,cn,2018-06-18 14:40:06,89.0,26.59,101.72,68.55,1.57
534,pidhorodna,8.0,ua,2018-06-18 14:40:08,45.0,48.11,30.89,81.42,10.18
535,esperance,75.0,au,2018-06-18 14:00:00,66.0,10.24,-61.45,87.8,8.05
536,slantsy,64.0,ru,2018-06-18 14:40:11,66.0,59.12,28.09,71.16,7.61
537,gunnedah,90.0,au,2018-06-18 14:00:00,65.0,-30.98,150.25,46.4,4.7
538,chibombo,0.0,zm,2018-06-18 14:40:13,31.0,-14.68,28.09,75.66,11.41
539,borogontsy,56.0,ru,2018-06-18 14:40:14,99.0,62.67,131.17,54.33,2.46
540,xinyang,92.0,cn,2018-06-18 14:40:16,72.0,32.13,114.07,77.19,10.74
541,pervomayskiy,20.0,ru,2018-06-18 14:40:17,35.0,53.24,40.29,80.97,5.37
542,gao,0.0,ml,2018-06-18 14:40:19,16.0,16.28,-0.04,109.32,4.47
543,westport,90.0,ie,2018-06-18 14:00:00,93.0,53.8,-9.52,53.6,14.99
544,grand-santi,24.0,gf,2018-06-18 14:40:23,82.0,4.27,-54.38,80.97,3.02
545,noumea,100.0,nc,2018-06-18 14:40:26,100.0,-22.28,166.46,64.86,9.51
546,anadyr,90.0,ru,2018-06-18 14:00:00,45.0,64.73,177.51,46.4,4.47
547,gushikawa,75.0,jp,2018-06-18 14:00:00,88.0,26.35,127.87,82.4,10.29
548,hwange,0.0,zw,2018-06-18 14:40:34,24.0,-18.35,26.5,77.82,4.36
549,oyotun,90.0,pe,2018-06-18 14:00:00,88.0,-6.85,-79.3,64.4,6.93
550,lowestoft,20.0,gb,2018-06-18 13:50:00,47.0,52.48,1.75,75.2,16.11
551,pangnirtung,20.0,ca,2018-06-18 14:00:00,93.0,66.15,-65.72,37.4,9.17
552,maragogi,48.0,br,2018-06-18 14:37:55,86.0,-9.01,-35.22,79.8,7.94
553,nioro,20.0,ml,2018-06-18 14:40:48,49.0,13.79,-15.05,93.3,6.04
554,buala,92.0,sb,2018-06-18 14:40:49,99.0,-8.15,159.59,79.8,7.94
555,faro,0.0,pt,2018-06-18 14:00:00,51.0,37.02,-7.94,80.6,13.87
556,arauca,75.0,co,2018-06-18 14:00:00,100.0,7.08,-70.76,75.2,6.93
557,arnedo,40.0,es,2018-06-18 14:00:00,50.0,42.23,-2.1,75.2,10.29
558,pundaguitan,44.0,ph,2018-06-18 14:40:54,100.0,6.37,126.17,83.76,9.62
559,nome,75.0,us,2018-06-18 14:15:00,88.0,30.04,-94.42,78.8,13.87
560,kijang,0.0,id,2018-06-18 14:00:00,83.0,35.24,129.21,71.6,9.17
561,barcelos,0.0,br,2018-06-18 14:00:00,40.0,41.53,-8.62,86.0,12.75
562,saint-pierre,75.0,pm,2018-06-18 14:00:00,60.0,48.95,4.24,71.6,10.29
563,ebolowa,92.0,cm,2018-06-18 14:41:03,88.0,2.92,11.15,73.41,3.13
564,shenkursk,0.0,ru,2018-06-18 14:41:04,45.0,62.11,42.91,77.28,1.34
565,upernavik,92.0,gl,2018-06-18 14:41:06,89.0,72.79,-56.15,34.35,16.55
566,millau,44.0,fr,2018-06-18 14:41:12,62.0,44.1,3.08,69.81,9.4
567,mirandopolis,32.0,br,2018-06-18 14:41:13,65.0,-21.13,-51.1,76.11,9.51
568,kirovskaya,0.0,ru,2018-06-18 14:41:18,19.0,46.97,40.04,85.65,12.3
569,berezovyy,92.0,ru,2018-06-18 14:41:21,100.0,51.67,135.7,46.68,3.02
570,ahipara,100.0,nz,2018-06-18 14:41:22,82.0,-35.17,173.16,60.18,17.0
571,kiunga,92.0,pg,2018-06-18 14:41:23,99.0,-6.12,141.3,72.06,2.13
572,pavino,20.0,ru,2018-06-18 14:00:00,69.0,55.02,82.61,73.4,11.18
573,nemuro,92.0,jp,2018-06-18 14:41:27,96.0,43.32,145.57,52.98,17.0
574,bontang,0.0,id,2018-06-18 14:41:28,97.0,0.12,117.47,82.77,6.15
575,axim,92.0,gh,2018-06-18 14:41:29,100.0,4.87,-2.24,75.39,15.55
576,lumsden,20.0,ca,2018-06-18 14:00:00,55.0,50.65,-104.86,64.4,2.24
577,ostersund,40.0,se,2018-06-18 13:50:00,72.0,63.18,14.64,59.0,9.17
578,imuris,0.0,mx,2018-06-18 14:41:34,28.0,30.78,-110.86,76.65,4.14
579,ust-omchug,36.0,ru,2018-06-18 14:41:36,82.0,61.13,149.63,45.15,3.02
580,lafiagi,20.0,ng,2018-06-18 14:41:37,88.0,8.85,5.42,84.48,11.18
581,colares,0.0,pt,2018-06-18 14:00:00,43.0,38.8,-9.45,98.6,9.17
582,hit,0.0,iq,2018-06-18 14:41:39,13.0,33.64,42.83,101.04,12.08
583,zubtsov,8.0,ru,2018-06-18 14:41:42,55.0,56.17,34.59,77.01,7.72
584,ayan,56.0,ru,2018-06-18 14:41:43,70.0,40.67,33.6,63.15,2.91
585,auki,92.0,sb,2018-06-18 14:41:44,64.0,12.18,6.51,87.27,7.83
586,pyapon,56.0,mm,2018-06-18 14:41:46,89.0,16.29,95.68,81.87,9.51
587,ajdabiya,0.0,ly,2018-06-18 14:41:47,41.0,30.75,20.22,83.58,15.99
588,vestmanna,92.0,fo,2018-06-18 13:50:00,93.0,62.16,-7.17,46.4,25.28
589,sola,75.0,vu,2018-06-18 13:50:00,87.0,58.89,5.65,57.2,9.17
590,kolarovo,0.0,sk,2018-06-18 14:41:54,44.0,56.34,84.94,75.75,11.18
591,kieta,20.0,pg,2018-06-18 14:41:57,100.0,-6.22,155.63,77.1,4.59
592,purwodadi,0.0,id,2018-06-18 14:41:58,61.0,-7.08,110.92,79.89,8.72
593,shingu,44.0,jp,2018-06-18 14:41:59,98.0,33.72,135.99,71.25,15.99
594,linqing,80.0,cn,2018-06-18 14:42:01,60.0,36.85,115.71,77.82,8.95
595,tairua,76.0,nz,2018-06-18 14:42:03,77.0,-37.02,175.85,57.48,9.4
596,ostrovnoy,0.0,ru,2018-06-18 14:42:04,54.0,68.05,39.51,64.68,21.7
597,kavieng,32.0,pg,2018-06-18 14:42:06,100.0,-2.57,150.8,82.86,3.8
598,sur,0.0,om,2018-06-18 14:42:09,73.0,22.57,59.53,92.22,8.95
599,parabel,64.0,ru,2018-06-18 14:42:10,77.0,58.71,81.5,63.78,7.16
600,do gonbadan,0.0,ir,2018-06-18 14:00:00,5.0,30.36,50.79,105.8,11.41
601,tortoli,0.0,it,2018-06-18 14:42:13,46.0,39.93,9.66,79.35,5.7
602,nikki,12.0,bj,2018-06-18 14:42:16,88.0,9.94,3.21,84.21,11.18
603,ruiz,90.0,mx,2018-06-18 13:46:00,93.0,21.95,-105.15,66.2,2.57
604,vilyuysk,76.0,ru,2018-06-18 14:42:18,49.0,63.75,121.63,58.65,2.57
605,champerico,75.0,gt,2018-06-18 13:47:00,88.0,16.38,-93.6,73.4,3.36
606,sibolga,92.0,id,2018-06-18 14:42:22,100.0,1.74,98.78,70.44,1.34
607,kadhan,0.0,pk,2018-06-18 14:42:23,37.0,24.48,68.99,96.27,13.98
608,sibut,68.0,cf,2018-06-18 14:42:24,93.0,5.73,19.09,75.75,11.41
609,vadso,0.0,no,2018-06-18 13:50:00,76.0,70.07,29.75,60.8,19.46
610,bell ville,1.0,ar,2018-06-18 14:15:00,74.0,40.62,-82.51,84.2,6.93
611,lorengau,80.0,pg,2018-06-18 14:42:29,100.0,-2.02,147.27,82.77,6.6
612,lavrentiya,0.0,ru,2018-06-18 14:42:31,98.0,65.58,-170.99,36.96,6.26
613,mangaratiba,90.0,br,2018-06-18 14:00:00,83.0,-22.96,-44.04,69.8,5.82
614,araioses,40.0,br,2018-06-18 14:00:00,62.0,-2.89,-41.91,87.8,12.75
615,ntungamo,64.0,ug,2018-06-18 14:42:36,76.0,-0.87,30.27,73.05,0.34
616,caramoran,100.0,ph,2018-06-18 14:42:37,100.0,13.98,124.13,83.4,4.92
617,muli,56.0,mv,2018-06-18 14:42:38,69.0,22.62,71.45,85.65,5.7
618,zagreb,0.0,hr,2018-06-18 14:00:00,37.0,45.81,15.98,82.4,16.11
619,stawell,0.0,au,2018-06-18 14:42:41,92.0,-37.06,142.77,37.59,3.69
620,belmonte,0.0,br,2018-06-18 14:42:42,45.0,40.36,-7.35,86.1,6.82
621,kibaya,40.0,tz,2018-06-18 14:00:00,44.0,-2.2,30.56,77.0,6.93
622,agadez,0.0,ne,2018-06-18 14:00:00,18.0,16.97,7.99,107.6,9.17
623,iquique,75.0,cl,2018-06-18 14:00:00,72.0,-20.22,-70.14,60.8,6.93
624,tocopilla,24.0,cl,2018-06-18 14:42:54,100.0,-22.09,-70.2,60.09,0.34
625,pangkalanbuun,32.0,id,2018-06-18 14:42:55,65.0,-2.68,111.62,81.96,7.38
626,isangel,88.0,vu,2018-06-18 14:42:56,100.0,-19.55,169.27,74.13,11.97
627,ahar,0.0,ir,2018-06-18 14:42:58,20.0,38.48,47.07,75.57,5.7
628,haripur,40.0,pk,2018-06-18 14:00:00,51.0,33.99,72.93,86.0,13.87
629,yuzhnyy,88.0,ru,2018-06-18 14:43:01,38.0,53.54,39.45,79.8,4.7
630,ayna,0.0,pe,2018-06-18 14:00:00,28.0,38.55,-2.07,86.0,4.7
631,morehead,1.0,pg,2018-06-18 13:53:00,74.0,38.18,-83.43,80.6,3.8
632,marzuq,56.0,ly,2018-06-18 14:43:07,22.0,14.4,46.47,87.36,4.59
633,acapulco,90.0,mx,2018-06-18 13:47:00,88.0,16.86,-99.88,77.0,5.82
634,pemba,20.0,mz,2018-06-18 14:00:00,69.0,-12.97,40.52,80.6,19.46
635,mali,56.0,gn,2018-06-18 14:43:14,80.0,27.53,102.2,64.59,1.34
636,djibo,8.0,bf,2018-06-18 14:43:16,32.0,14.1,-1.63,104.28,4.92
637,pathein,68.0,mm,2018-06-18 14:40:12,79.0,16.78,94.73,82.41,8.39
638,torbay,40.0,ca,2018-06-18 14:00:00,61.0,47.66,-52.73,50.0,12.75
639,tucumcari,1.0,us,2018-06-18 13:53:00,60.0,35.17,-103.73,73.4,13.87
640,eenhana,0.0,na,2018-06-18 14:00:00,13.0,-17.48,16.34,86.0,5.82
641,shitanjing,32.0,cn,2018-06-18 14:43:28,76.0,39.23,106.34,61.44,1.34
642,akureyri,90.0,is,2018-06-18 14:00:00,87.0,65.68,-18.09,46.4,20.8
643,sambava,88.0,mg,2018-06-18 14:43:31,100.0,-14.27,50.17,75.21,21.14
644,uva,0.0,ru,2018-06-18 14:43:32,45.0,56.98,52.19,73.05,7.49
645,olinda,75.0,br,2018-06-18 14:00:00,78.0,-2.03,-79.75,75.2,8.05
646,lithgow,0.0,au,2018-06-18 14:00:00,93.0,-33.48,150.16,44.6,1.12
647,laguna,5.0,br,2018-06-18 13:43:00,88.0,27.52,-110.01,73.4,3.13
648,alekseyevka,40.0,ru,2018-06-18 14:00:00,31.0,53.25,50.49,78.8,11.18
649,ivnya,0.0,ru,2018-06-18 14:00:00,31.0,51.06,36.14,78.8,8.95
650,russell,0.0,nz,2018-06-18 14:00:00,46.0,-33.01,-68.8,50.0,4.7
651,matagami,75.0,ca,2018-06-18 14:00:00,83.0,9.67,8.4,77.0,16.11
652,alampur,80.0,in,2018-06-18 14:43:48,64.0,15.88,78.14,80.25,12.64
653,moron,75.0,mn,2018-06-18 14:00:00,78.0,10.49,-68.2,77.0,3.36
654,miri,24.0,my,2018-06-18 14:43:51,67.0,10.31,9.75,86.1,5.59
655,lira,48.0,ug,2018-06-18 14:43:52,73.0,2.25,32.9,76.56,1.79
656,skegness,40.0,gb,2018-06-18 13:50:00,49.0,53.14,0.34,73.4,20.8
657,mandapeta,8.0,in,2018-06-18 14:43:59,54.0,16.87,81.93,89.25,11.3
658,talara,90.0,pe,2018-06-18 14:00:00,88.0,-4.58,-81.27,64.4,6.93
659,hollins,1.0,us,2018-06-18 14:15:00,65.0,37.35,-79.95,82.4,3.36
660,muscat,0.0,om,2018-06-18 13:50:00,44.0,23.6,58.55,95.0,17.22
661,murdochville,100.0,ca,2018-06-18 14:44:04,98.0,48.96,-65.49,60.45,9.06
662,luderitz,0.0,na,2018-06-18 14:44:05,79.0,-26.65,15.16,62.97,11.52
663,mackay,75.0,au,2018-06-18 14:00:00,76.0,53.65,-115.58,55.4,3.24
